¤û¦×,¤û¦×,¤û¦×¤ù,¤û¦×¤õ»L,³·ªá¤û¦×,Á÷­°¤û¦×,¤û¤­ªá,¤û°ö®Ú,¤û¦×µ·,¤ûµ±¦×,¸H¤û¦×,¤ûÁv¦×,,,,,,,,,,,,,,
¤û¦Ø±ø,¤û¦Ø±ø,,,,,,,,,,,,,,,,,,,,,,,,
¤û¨{,¤û¨{,¤ò¨{,,,,,,,,,,,,,,,,,,,,,,,
¤û¸x,¤û¸x,¸x¤l¤ß,,,,,,,,,,,,,,,,,,,,,,,
¤ûµ¬,¤ûµ¬,º±¤ûµ¬,,,,,,,,,,,,,,,,,,,,,,,
¤û±Æ,¤û±Æ,¤û¤p±Æ,¤û¥h°©ªÓ­K¤p±Æ,¥h°©¤û¤p±Æ,¥h°©¯Ã¬ù§J¤û±Æ,¨F®Ô¤û±Æ,±a°©¤û¤p±Æ,µÌ¤O¤û±Æ,¦w®æ´µ¤û¤p±Æ,¦Ø²´¤û±Æ,¤B°©¤û±Æ,,,,,,,,,,,,,,
¤ûÃ@,¤ûÃ@,,,,,,,,,,,,,,,,,,,,,,,,
¤û¸z,¤û¸z,,,,,,,,,,,,,,,,,,,,,,,,
¤û§À,¤û§À,,,,,,,,,,,,,,,,,,,,,,,,
¤û¦Þ,¤û¦Þ,,,,,,,,,,,,,,,,,,,,,,,,
¤û¤ß,¤û¤ß,,,,,,,,,,,,,,,,,,,,,,,,
¤û¨x,¤û¨x,,,,,,,,,,,,,,,,,,,,,,,,
¤û°©,¤û°©ÀY,¤û°©,,,,,,,,,,,,,,,,,,,,,,,
¤ûßv,¤ûßv,¤û«e¯Ý¦×,,,,,,,,,,,,,,,,,,,,,,,
¤û«á»L¦×,¤û»L¦×,,,,,,,,,,,,,,,,,,,,,,,,
½Þ¦×,½Þ¦×,³b,³b¦×,,,,,,,,,,,,,,,,,,,,,,
½Þ±öªá¦×,½Þ±öªá¦×,±öªá¨½¦Ù,±öªá¦×,«e»L¦×,¤W¦×,«e¨ª¦×,,,,,,,,,,,,,,,,,,,
½Þ­K¤ß¦×,½Þ­K¤ß¦×,½ÞªÓ­K¦×,ªÓ­K¦×,­K¤ß¦×,§¨¤ß¦×,,,,,,,,,,,,,,,,,,,,
½Þ¸},½Þ¸},,,,,,,,,,,,,,,,,,,,,,,,
¿á»H,¿á»H,»L®w,¸}®w,½Þ¿á»H,¸}¿á,½Þ¸}¿á,,,,,,,,,,,,,,,,,,,
½Þ¸x¤l¦×,½Þ¸x¤l¦×,«e»L¸x¦×,½Þ¸x¦×,¦Ñ¹«¦×,½Þ¸x,,,,,,,,,,,,,,,,,,,,
¤¤±Æ,¤¤±Æ,ÀV°©,±ÆÀY,±öªá±Æ°©,½ÞÀV°©,±Æ°©ÀY,ÀY±Æ,Âø°©,­K¤ß±Æ,¥Ò±Æ,ªÓ­K±Æ,«e±Æ,¤W±Æ,¦Ø±Æ,½Þ¦Ø±Æ,,,,,,,,,,
½Þ³n°©,½Þ³n°©,³n°©,,,,,,,,,,,,,,,,,,,,,,,
½Þ¿áµ¬,¿áµ¬,ªøµ¬,½Þ¸}µ¬,½Þ¿áµ¬,,,,,,,,,,,,,,,,,,,,,
«e±Æ¦×,«e±Æ¦×,¤W¸£¦×,,,,,,,,,,,,,,,,,,,,,,,
½Þ¤j¨½¦Ù,½Þ­I¦Ù¦×,¤j¨½¦Ù,,,,,,,,,,,,,,,,,,,,,,,
½Þ¤p¨½¦Ù,½Þ¸y¤º¦×,«e¯á¦×,¤p¨½¦Ù¦×,,,,,,,,,,,,,,,,,,,,,,
¤G¼h¦×,¤G¼h¦×,¹¬´U¦Ù,Â÷½t¦×,¯Í¦×,¯Í»H¦×,,,,,,,,,,,,,,,,,,,,
Às°©,Às°©,½Þ¯á´Õ°©,,,,,,,,,,,,,,,,,,,,,,,
¨½¦Ù¤p±Æ,¨½¦Ù¤p±Æ,,,,,,,,,,,,,,,,,,,,,,,,
±Æ°©,±Æ°©,±Æ°©¦×,,,,,,,,,,,,,,,,,,,,,,,
½Þ¤­ªá¦×,½Þ¤­ªá¦×,¸¡¯Ù¦×,¤T¼h¦×,¤¤¦×,,,,,,,,,,,,,,,,,,,,,
¤­ªá¤p±Æ,¤l±Æ,ßv±Æ,½Þßv±Æ,,,,,,,,,,,,,,,,,,,,,,
½Þ«á»L¦×,½Þ«á»L¦×,«á»L¦×,¨ª¦×,,,,,,,,,,,,,,,,,,,,,,
½Þ¸},½Þ¸},,,,,,,,,,,,,,,,,,,,,,,,
¿á»H,¿á»H,»L®w,¸}®w,½Þ¿á»H,¸}¿á,½Þ¸}¿á,,,,,,,,,,,,,,,,,,,
½Þ¸x¤l¦×,½Þ¸x¤l¦×,«á»L¸x¦×,½Þ¸x¦×,¦Ñ¹«¦×,½Þ¸x,,,,,,,,,,,,,,,,,,,,
ªê´x,ªê´x,,,,,,,,,,,,,,,,,,,,,,,,
½Þ¿áµ¬,¿áµ¬,ªøµ¬,½Þ¸}µ¬,½Þ¿áµ¬,,,,,,,,,,,,,,,,,,,,,
ªQ¨Á½Þ,ªQ¨Á½Þ,³·¯¾½Þ,Á÷­°½Þ¦×,,,,,,,,,,,,,,,,,,,,,,
¼LÃä¦×,¼LÃä¦×,µâªá¦×,½ÞÀU¦×,½ÞÁyÀU¦×,ÀU¦×,,,,,,,,,,,,,,,,,,,,
¨x³s¦×,¨x³s¦×,¾î¹j¦Ù,¨x³s,¹j¯Ý¦×,¨x¦×,±ø¥J¦×,¹j¶¡¦×,,,,,,,,,,,,,,,,,,
°©¥J¦×,°©¥J¦×,½ÞÀY¦×,½ÞÀY¥Ö,½Þ¦Õ¦·,,,,,,,,,,,,,,,,,,,,,
½Þ§À¤Ú,½Þ§À¤Ú,,,,,,,,,,,,,,,,,,,,,,,,
½Þ°©,½Þ¤j°©,ªÓ­K°©,¶º°Í°©,°©½L°©,°©¬Ö°©,¥V°©,²´Ãè°©,»L°©,¤j°©,«eªÏ°©,«e»L°©,«á»L°©,«áªÏ°©,,,,,,,,,,,,
½Þªo,½Þªo,«á»Lªo,¨ªªo,«e»Lªo,«e¨ªªo,,,,,,,,,,,,,,,,,,,,
ºô¯½ªo,ºô¯½ªo,,,,,,,,,,,,,,,,,,,,,,,,
½Þ¦ÞÀY,½Þ¦ÞÀY,½Þ¦Þ,,,,,,,,,,,,,,,,,,,,,,,
½Þ¤ß,½Þ¤ß,,,,,,,,,,,,,,,,,,,,,,,,
½Þ¨x,½Þ¨x,,,,,,,,,,,,,,,,,,,,,,,,
½Þ¸z,½Þ¸z,,,,,,,,,,,,,,,,,,,,,,,,
½Þ¸£,½Þ¸£,,,,,,,,,,,,,,,,,,,,,,,,
½Þ¦å,½Þ¦å,,,,,,,,,,,,,,,,,,,,,,,,
½Þ¨x,½Þ¨x,,,,,,,,,,,,,,,,,,,,,,,,
½ÞªÍ,½ÞªÍ,,,,,,,,,,,,,,,,,,,,,,,,
½Þ¨{,½Þ¨{,,,,,,,,,,,,,,,,,,,,,,,,
¸y¤l,¸y¤l,½ÞµÇÅ¦,,,,,,,,,,,,,,,,,,,,,,,
¸y¤Ø,¸y¤Ø,½Þ¯ØÅ¦,,,,,,,,,,,,,,,,,,,,,,,
½Þ¤p¸z,¤p¸z,½Þ¤p¸z,,,,,,,,,,,,,,,,,,,,,,,
½Þ¤j¸z,¤j¸z,½Þ¤j¸z,,,,,,,,,,,,,,,,,,,,,,,
¯»¸z,¯»¸z,ªÅ¸z,,,,,,,,,,,,,,,,,,,,,,,
¥Í¸z,¥Í¸z,¯Ü¸z,,,,,,,,,,,,,,,,,,,,,,,
½Þ¤p¨{,¤p¨{,½Þ¤p¨{,½Þ»H¯Ö,,,,,,,,,,,,,,,,,,,,,,
½Þµ±¦×,½Þµ±¦×,µ±¦×,,,,,,,,,,,,,,,,,,,,,,,
½Þ¦×µ·,½Þ¦×µ·,¦×µ·,,,,,,,,,,,,,,,,,,,,,,,
½Þ¤j¸zÀY,½Þ¤j¸zÀY,½Þª½¸z,ª½¸z,,,,,,,,,,,,,,,,,,,,,,
°^¤Y,°^¤Y,,,,,,,,,,,,,,,,,,,,,,,,
¦×Âæ,½Þ¦×Âæ,¦×Âæ,,,,,,,,,,,,,,,,,,,,,,,
¦×ÃP,¦×ÃP,,,,,,,,,,,,,,,,,,,,,,,,
Ã¾¦×,Ã¾¦×,,,,,,,,,,,,,,,,,,,,,,,,
­»¸z,­»¸z,,,,,,,,,,,,,,,,,,,,,,,,
°ö®Ú,°ö®Ú,,,,,,,,,,,,,,,,,,,,,,,,
¤õ»L,¤õ»L,,,,,,,,,,,,,,,,,,,,,,,,
¼öª¯,¼öª¯,,,,,,,,,,,,,,,,,,,,,,,,
Âû¦×,Âû¦×,Âû,¤gÂû,Âûµ±¦×,Âû±Æ,,,,,,,,,,,,,,,,,,,,
Âû¯Ý,Âû¯Ý,Âû¯Ý¦×,,,,,,,,,,,,,,,,,,,,,,,
Âû»L,Âû»L,Âû»L¦×,²M»L,°©»L,,,,,,,,,,,,,,,,,,,,,
´Î´Î»L,´Î´Î»L,¤p´Î»L,,,,,,,,,,,,,,,,,,,,,,,
Âû¯Í,Âû¯Í,Âû¯Í¦×,¤T¸`¯Í,¤G¸`¯Í,ÂûÁl,¤jÂàÅs,»ñÁl,,,,,,,,,,,,,,,,,,
Âû¸},Âû¸},Âû¤ö,»ñ¤ö,,,,,,,,,,,,,,,,,,,,,,
Âû¨x,Âû¨x,ÂûºË,,,,,,,,,,,,,,,,,,,,,,,
Âû¤ß,Âû¤ß,,,,,,,,,,,,,,,,,,,,,,,,
ÂûÐe,ÂûÐe,Âû¬Ú,,,,,,,,,,,,,,,,,,,,,,,
Âû¸A¤Y,Âû¸A¤Y,Âû¦ò¥J,Âû¦ò,,,,,,,,,,,,,,,,,,,,,,
Âû¦×ÃP,Âû¦×¶p,Âû¦×ÃP,,,,,,,,,,,,,,,,,,,,,,,
Âû§¾ªÑ,Âû§¾ªÑ,Âû§À´Õ,,,,,,,,,,,,,,,,,,,,,,,
Âûªo,Âûªo,,,,,,,,,,,,,,,,,,,,,,,,
¯Q°©Âû,¯Q°©Âû,,,,,,,,,,,,,,,,,,,,,,,,
¤õÂû,¤õÂû,¤õÂû¦×,¤õÂû¯Ý¦×,,,,,,,,,,,,,,,,,,,,,,
µfÀn,µfÀn,¤gµfÀn,¬õ­±µfÀn,,,,,,,,,,,,,,,,,,,,,,
Àn¦×,Àn¦×,Àn¦×¶ô,Àn¦×±ø,Àn,,,,,,,,,,,,,,,,,,,,,
Àn¯Ý,Àn¯Ý,Àn¯Ý¦×,Àn¯Ý¤ù,,,,,,,,,,,,,,,,,,,,,,
ÀnÀY,ÀnÀY,,,,,,,,,,,,,,,,,,,,,,,,
Àn²ä¤l,ÀnÀV,Àn²ä¤l,,,,,,,,,,,,,,,,,,,,,,,
Àn¦ÞÀY,Àn¦ÞÀY,Àn¦Þ,Àn½à,,,,,,,,,,,,,,,,,,,,,,
Àn¯Í»H,Àn¯Í»H,Àn¯Í,¤G¸`¥b¯Í,¤G¸`¯Í,,,,,,,,,,,,,,,,,,,,,
Àn¸},Àn¸},Àn¤ö,Àn´x,,,,,,,,,,,,,,,,,,,,,,
Àn»L,Àn»L,Àn»L¦×,Àn±Æ,°©»L,,,,,,,,,,,,,,,,,,,,,
Àn¤ß,Àn¤ß,,,,,,,,,,,,,,,,,,,,,,,,
Àn¨x,Àn¨x,,,,,,,,,,,,,,,,,,,,,,,,
Àn¸z,Àn¸z,,,,,,,,,,,,,,,,,,,,,,,,
ÀnÐe,ÀnªÒ,ÀnÐe,Àn¬Ã,,,,,,,,,,,,,,,,,,,,,,
Àn¦å,Àn¦å,,,,,,,,,,,,,,,,,,,,,,,,
¦Ï¸x,¦Ï«e¸x,¦Ï¸x¤l,¦Ï¸x,,,,,,,,,,,,,,,,,,,,,,
¦Ï¯Ý¦×,¦Ï¯Ý¦×,,,,,,,,,,,,,,,,,,,,,,,,
¦Ï±Æ,¦Ï¤p±Æ,¦Ï±Æ,¦Ï¦Ø±Æ,¦Ï¦Ø,±a°©¦Ï¤p±Æ,¯Ì¦Ï¤p±Æ,¨Å¦Ï±Æ,¿D¬w¦Ï±Æ,¦Ïµá¤O,ªk¦¡¦Ï±Æ,ªk¦¡¦Ï¦Ø±Æ,ªk¦¡¦ÏªÓ±Æ,¦ÏªÓ±Æ,¦Ï¤B°©,,,,,,,,,,,
¦ÏªÓ,¦ÏªÓ,¦ÏªÓ¦×,,,,,,,,,,,,,,,,,,,,,,,
¦Ï¸y¯á,¦Ï¸y¯á,¦Ï¸y¯á¦×,,,,,,,,,,,,,,,,,,,,,,,
¦Ï¨½¦Ù,¦Ï¤j¨½¦Ù,¦Ï¨½¦Ù,,,,,,,,,,,,,,,,,,,,,,,
¦Ï»L,¦Ï»L,¦Ï¤p»L,¯Ì¦Ï»L,,,,,,,,,,,,,,,,,,,,,,
¦Ï¦×,¦Ï¦×¶ô,¦Ï¤p¶ô,¦Ï,¦Ï¦×¤ù,¦Ï¦×,,,,,,,,,,,,,,,,,,,,
¦Ï¤j°©,¦Ï¤j°©,¦Ï°©,,,,,,,,,,,,,,,,,,,,,,,
¦Ïßv,¦Ïßv,,,,,,,,,,,,,,,,,,,,,,,,
¦Ï¨{,¦Ï¨{,,,,,,,,,,,,,,,,,,,,,,,,
¦Ï¸A¤Y,¦Ï¸A¤Y,,,,,,,,,,,,,,,,,,,,,,,,
¦ÏÃ@,¦ÏÃ@,,,,,,,,,,,,,,,,,,,,,,,,
¦Ï¦×Äl,¦Ï¦×Äl,,,,,,,,,,,,,,,,,,,,,,,,
¦Ï¬[,¦Ï¬[,,,,,,,,,,,,,,,,,,,,,,,,
·íÂk¦Ï¦×ÃÄ¥],·íÂk¦Ï¦×ÃÄ¥],,,,,,,,,,,,,,,,,,,,,,,,
¦Ï¦×Ã¼,¦Ï¦×¸e,¦Ï¦×Ã¼,,,,,,,,,,,,,,,,,,,,,,,
ÃZ¦×,ÃZ¦×,ÃZ¯Ý¦×,ÃZ»L¦×,,,,,,,,,,,,,,,,,,,,,,
ÃZ´x,ÃZ´x,,,,,,,,,,,,,,,,,,,,,,,,
ÃZ¨x,ÃZ¨x,,,,,,,,,,,,,,,,,,,,,,,,
ÃZ¸z,ÃZ¸z,,,,,,,,,,,,,,,,,,,,,,,,
ÃZ¨xÂæ,ÃZ¨xÂæ,,,,,,,,,,,,,,,,,,,,,,,,
ÃZªo,ÃZªo,,,,,,,,,,,,,,,,,,,,,,,,
ÃZ¦å,ÃZ¦å,,,,,,,,,,,,,,,,,,,,,,,,
ÃZÐe,ÃZÐe,,,,,,,,,,,,,,,,,,,,,,,,
¤ô´¹³½,¤ô´¹³½,¤p»È³½,,,,,,,,,,,,,,,,,,,,,,,
¤£©Ô³½,¤£©Ô³½,?¥J³½,¨ë¤½õl,,,,,,,,,,,,,,,,,,,,,,
¥Õ±a³½,¥Õ±a³½,¸}±a³½,¸s±a³½,»È¤M³½,ªÎ±a³½,ªo±a³½,,,,,,,,,,,,,,,,,,,
¤B­»³½,¤B­»³½,¤é¥»»È±a?,¦Ç®ü²ü·Å,,,,,,,,,,,,,,,,,,,,,,
¤ô°w,¤ô°w,«n¬v÷®,¸Éºô®v,¤ô¦y,,,,,,,,,,,,,,,,,,,,,
¥ÕÄI³½,¥ÕÄI³½,»ÈÄI,¥ÕÄI,¥¿ÄI,¨®¤ù³½,,,,,,,,,,,,,,,,,,,,
¶ê¥ÕÄI,¶ê¥ÕÄI,»É½L¥J,¿P¤lÄI,ÄI¥J³½,,,,,,,,,,,,,,,,,,,,,
¬õ­m,¬õ­m,¬õ¨F¥Ê¥J,ª÷ÄI,,,,,,,,,,,,,,,,,,,,,,
ªá¥O¥J³½,ªá¥O¥J³½,ª÷¿ú¥J,¤p¤ú,ªá¥O¥J,,,,,,,,,,,,,,,,,,,,,
¦×ÃV¥J,¦×ÃV¥J,¨ëÄI,¦×³½,¤g¦×,,,,,,,,,,,,,,,,,,,,,
ª÷¿ú¥J,ª÷¿ú¥J,ª¯¸y,¤T¨¤¥J,ª¯§|¥J,,,,,,,,,,,,,,,,,,,,,
¸J¦Ì¥J³½,¸J¦Ì¥J³½,¬õ§À»ÈÆt,µuÆp¼L³½,,,,,,,,,,,,,,,,,,,,,,
Ãè³½,Ãè³½,»·ªF®üèÛ,ÃèÄI,°¨ÀYÀJ,,,,,,,,,,,,,,,,,,,,,
Æt³½,Æt³½,¬PÂû³½,ÂI¥ÛÆt,¥ÛÆt,¤C¬PÆt,¤é¥»¯uÆt,ªáÆt,½uÆt,±ø¯¾Æt,¥[¦{Æt³½,ª÷¥ØÆt,¤j¤fÆt,¶ÂÆt,,,,,,,,,,,,
ÂD³½,ÂD³½,»ÈÂD,,,,,,,,,,,,,,,,,,,,,,,
øW³½,øW³½,­iøW,,,,,,,,,,,,,,,,,,,,,,,
¤C¬P¥J,¤C¬P¥J,°­¥­,¨ë½µ¥J,Àt¬`,,,,,,,,,,,,,,,,,,,,,
¤ÚÃl³½,¤ÚÃl³½,¤é¥»¦ËßI³½,¤ÚÄõ,¦ËßI³½,,,,,,,,,,,,,,,,,,,,,
¶À§À¥Ê,¶À§À¥Ê,¥Ì¥J³½,,,,,,,,,,,,,,,,,,,,,,,
¬õ¥Ì,¬õ¥Ì,§ù¦¡ÄK,,,,,,,,,,,,,,,,,,,,,,,
¥|¯}³½,¥|¯}³½,µw§À¥J,¼s¥J,,,,,,,,,,,,,,,,,,,,,,
Âù±a?,Âù±a?,,,,,,,,,,,,,,,,,,,,,,,,
ÄJ³½,ÄJ³½,¥Õ¸¡ÄJ,¤é¥»ÄJ,ªá­¸ ,«C­¸,,,,,,,,,,,,,,,,,,,,
¥Õ¥_¥J,¥Õ¥_¥J,°¨¥[,,,,,,,,,,,,,,,,,,,,,,,
¤gäß³½,ÀYäß³½,¤gäß³½,,,,,,,,,,,,,,,,,,,,,,,
·Ï¥Jªê,·Ï¥Jªê,¥¿÷®,·Ï¥J,¤p¦ê,®ã³½,,,,,,,,,,,,,,,,,,,,
¶Â³ï,¶Â³ï,¶Â©h³½,¯Q³ï,¶Â¤f,¶Â©h³½,¥[¥¿,¯ä³½,,,,,,,,,,,,,,,,,,
¬õ¹ª³½,¬õ¹ª³½,¶Â´³¬õÆt,¬ü°êÆt³½,,,,,,,,,,,,,,,,,,,,,,
¶ÂñÉ,¶ÂñÉ,¥Ö¦¡¥s©h³½,¥[ÄK,,,,,,,,,,,,,,,,,,,,,,
©¬ÀY¥J³½,©¬ÀY¥J³½,¬K¥J,´³Å_¥Õ©h³½,´³Å_ªB¯Ç¥Û­º³½,,,,,,,,,,,,,,,,,,,,,
³Âªë¥Ø¥J,³Âªë¥Ø¥J,ªë¥Ø³½,¾B¥Ø³½,®ü¯ó³½,¦w¥­³½,°ê¸t³½,ÁÉ¥Ø³½,,,,,,,,,,,,,,,,,,
¤È¥J³½,¤È¥J³½,°¨?,,,,,,,,,,,,,,,,,,,,,,,
¥Õ¤O³½,¥Õ¤O³½,¤O³½,±ä¥Õ³½,,,,,,,,,,,,,,,,,,,,,,
¨§¥J³½,¨§¥J³½,,,,,,,,,,,,,,,,,,,,,,,,
®üÅ¿,®üÅ¿,¤j²´®üÅ¿,¤j®üÅ¿,,,,,,,,,,,,,,,,,,,,,,
®üÃV¥J,®üÃV¥J,ªo³½,¤é¥»¤ô·Æ,«ó«Ì¥J,,,,,,,,,,,,,,,,,,,,,
¯Q³½,¯Q³½,«H³½,¥¿¯Q,,,,,,,,,,,,,,,,,,,,,,
³ß¬Û³{,³ß¬Û³{,¬h¸­³½,¤òÅì³½,,,,,,,,,,,,,,,,,,,,,,
¬î¤M³½,¬î¤M³½,¦Ë¤M³½,,,,,,,,,,,,,,,,,,,,,,,
¬õ¦â§d³¢³½,¬õ¦â§d³¢³½,¥§Ã¹³½,,,,,,,,,,,,,,,,,,,,,,,
ÅÁ³½,ÅÁ³½,µL¥ØÅÁ,,,,,,,,,,,,,,,,,,,,,,,
¬õ³s¥J,¬õ³s¥J,¬õ½¬³½,,,,,,,,,,,,,,,,,,,,,,,
¥Û´³,¬õ¥Û´³,¥Û´³,¹L³½,¤C¬P´³,¬Å·è¥Û´³³½,,¬Ã¯]¥Û´³,²H¤ô¥Û´³,,,,,,,,,,,,,,,,,
ªê®æ,ªê®æ,¬õªê³½,,,,,,,,,,,,,,,,,,,,,,,
¨¤³½,¨¤³½,¨¤¥J³½,,,,,,,,,,,,,,,,,,,,,,,
¨ª?,¨ª?,¶À¤úÀJ,¨ª³¹,,,,,,,,,,,,,,,,,,,,,,
½L¥J³½,½L¥J³½,¶ºÄK,,,,,,,,,,,,,,,,,,,,,,,
¨ªµ§,¨ªµ§,¨ª®ü,,,,,,,,,,,,,,,,,,,,,,,
¬õ¼Ñ,¬õ¼Ñ,,,,,,,,,,,,,,,,,,,,,,,,
ª÷½u³½,ª÷½u³½,ª÷½uÅ¿,ª÷½u³s³½,²`®üª÷½u³½,©³ª÷½u³½,,,,,,,,,,,,,,,,,,,,
¯Q§À¥V,¯Q§À¥V,,,,,,,,,,,,,,,,,,,,,,,,
¬õ§À¥V¥J,¬õ§À¥V¥J,®ü§b¥J,¨ª®ü§b¥J,¬õ¨ª§À¥V,,,,,,,,,,,,,,,,,,,,,
°¨ÀY³½,°¨ÀY³½,¤é¥»¤èÀY³½,°¨ÀY,¤èÀY³½,,,,,,,,,,,,,,,,,,,,,
¤j²´ÄK,¤j²´ÄK,¬õ¥ØÅ¿,¤é¥»¤j²´ÄK,¤é¥»¤û¥ØÄK,,,,,,,,,,,,,,,,,,,,,
ª÷Åì³½,ª÷Åì³½,¥Õ½uª÷Åì³½,,,,,,,,,,,,,,,,,,,,,,,
¬î©h³½,¬î©h³½,¤é¥»ãnÃU,¬õ³½,¬õ¬î©h,¬v³½,ãnÃU,ÄG­ô,,,,,,,,,,,,,,,,,,
­»³½,­»³½,·ËÃU,¦~³½,,,,,,,,,,,,,,,,,,,,,,
¥Éµ¬³½,¥Éµ¬³½,ÄÑ±ø³½,¤Ó¥­¬vµ¬³½,,,,,,,,,,,,,,,,,,,,,,
¶ÀÂû¥J³½,¶ÀÂû¥J³½,¤T½uÂû³½,¶ÀÂû¥J,Âû¥J³½,¶À¤½¥J³½,¤T¤ö¥J,,,,,,,,,,,,,,,,,,,
¶À³½,¶À³½,¤j¶À³½,,,,,,,,,,,,,,,,,,,,,,,
ÂÅÂIÆxºq³½,ÂÅÂIÆxºq³½,«C¦ç,,,,,,,,,,,,,,,,,,,,,,,
°­ÀY¤M,°­ÀY¤M,°­ÀY¤M³½,¸U³½,,,,,,,,,,,,,,,,,,,,,,
¶ÀÅë,Åë³½,¶ÀÅë,,,,,,,,,,,,,,,,,,,,,,,
¤gÀs,¤gÀs,,,,,,,,,,,,,,,,,,,,,,,,
ªdÄÏ,ªdÄÏ,«B·È,¤gÄÏ,³½·È,,,,,,,,,,,,,,,,,,,,,
¶íªë³½,¶íªë³½,¤gªë,¶íªë,ÄG¤lóÎ,,,,,,,,,,,,,,,,,,,,,
ÅÁ³½,ÅÁ³½,¥ÕÅÁ,¤é¥»ÅÁ,¿úÅÁ,ªêÅÁ,,,,,,,,,,,,,,,,,,,,
µ\µ]?,µ\µ]?,¶º°ÍÃT,?¥J,,,,,,,,,,,,,,,,,,,,,,
¤¤°ê¶ÀÂIñÄ,¤¤°ê¶ÀÂIñÄ,?³½,¤¤°ê¹Î®°?,,,,,,,,,,,,,,,,,,,,,,
ÃT³½,¯Í¨F,¯ÍÃT,¤U²¯ÃT,Âù¹L¥J,ÃT³½,ª¯¨F,¨¤ÃT,ªê¨F,,,,,,,,,,,,,,,,,
¥Õ¹F¥J,¥Õ¹F¥J,­é¥Ö³½,¯Q¹F¥J,®ü±½¤â,²Ê¥Ö¨f,,,,,,,,,,,,,,,,,,,,
¤û§À³½,¤û§À³½,,,,,,,,,,,,,,,,,,,,,,,,
¤ñ¥Ø³½,¤ñ¥Ø³½,«rª¯Às,¥ª¤f,¶À«Ò³½,«ó³½,¥bÃä³½,,,,,,,,,,,,,,,,,,,
¨FÆp¥J³½,¨FÆp¥J³½,¹«ÀY³½,,,,,,,,,,,,,,,,,,,,,,,
¤»¾î´³ÀÀÆt,¤»¾î´³ÀÀÆt,®üª¯¥Ì¥J,,,,,,,,,,,,,,,,,,,,,,,
ª¯¥À±ô,ª¯¥À±ô,ª¯¥À,,,,,,,,,,,,,,,,,,,,,,,
¨º¿t³½,¨º¿t³½,¨º­Ó³½,,,,,,,,,,,,,,,,,,,,,,,
Às¥e,Às¥e,Às°w,,,,,,,,,,,,,,,,,,,,,,,
¥´ÅK±C,¥´ÅK±C,¥Û­¸¥J³½,,,,,,,,,,,,,,,,,,,,,,,
¯ä³£³½,¯ä³£³½,¯ä¨{,¦ÏÀ¦,,,,,,,,,,,,,,,,,,,,,,
¥[¯Ç³½,¥[¯Ç³½,¯uÄK,¯u¨ªÄK,,,,,,,,,,,,,,,,,,,,,,
¥ÛÀY´³,¥ÛÀY´³,¤jÀY¥J,²´Ãè³½,,,,,,,,,,,,,,,,,,,,,,
ÅÜ¨­­W³½,ÅÜ¨­­W³½,ª÷¿ú³½,ª÷¹ª,¶Â¬P»È«ý,ÅÜ¥P³½,,,,,,,,,,,,,,,,,,,,
§d³¢³½,§d³¢³½,¥xÆWÄK,®ü¤ô§d³¢³½,ÄÐ¤ô§d³¢³½,,,,,,,,,,,,,,,,,,,,,
»ÈªO³½,»ÈªO³½,²H¤ô¥ÕÄI,,,,,,,,,,,,,,,,,,,,,,,
ÃV³½,ÃV³½,¤gÃV,ÃV¥J,¥»®qÃV,,¥»®q¥J,,,,,,,,,,,,,,,,,,,
¶Â½Þ­ô,¶Â½Þ­ô,­é¥Ö¥J,,,,,,,,,,,,,,,,,,,,,,,
¥ÛÄK,´³¥ÛÄK,¥ÛÄK,µw´ß¥J,´³ÄK,¶Â¼L,±ø¥ÛÀJ,,,,,,,,,,,,,,,,,,,
¶Â®æ,¶Â®æ,¯Q®æ,«p®B,¶ÂÄK,,,,,,,,,,,,,,,,,,,,,
¶ÂÄI,¶ÂÄI,¯Q©÷,¯QÄI,,,,,,,,,,,,,,,,,,,,,,
®ü¿P,®ü¿P,¶ê²´¿P³½,¶ê¿P³½,½¿½»³½,,,,,,,,,,,,,,,,,,,,,
ñÉ¥J,ñÉ¥J,±Ó¥J³½,,,,,,,,,,,,,,,,,,,,,,,
®üùÎ,®üùÎ,­x±ä³½,®üÄR¥J, ÄHÀs³½,,,,,,,,,,,,,,,,,,,,,
¥ÐÂû,¥ÐÂû»L,¥ÐÂû¦×,«¢¤hÁ°,¤ûµì,ªê¥Öµì,,,,,,,,,,,,,,,,,,,,
¨ÅÂF,¤j¨ÅÂF,¨ÅÂF,,,,,,,,,,,,,,,,,,,,,,,
¾{³½,¾{³½,¬X³½,¾{,,,,,,,,,,,,,,,,,,,,,,
ªáªK,ªáªK,¯Q¸é,¾¥³½,,,,,,,,,,,,,,,,,,,,,,
³z©â,³z©â,¯uÂêºÞ,,,,,,,,,,,,,,,,,,,,,,,
¤p¨÷,¤p¨÷,ÂêºÞ,¤pºÞ,,,,,,,,,,,,,,,,,,,,,,
³¹³½,³¹³½,¥Û©~,µU¤ô¥J,,,,,,,,,,,,,,,,,,,,,,
³nµ·¥J?,³nµ·¥J?,³nµ·,³n¯Í¥J,³n¦Þ,,,,,,,,,,,,,,,,,,,,,
µð,¤åµð,µðÄ÷,µð¸Ä,¯»ÂÌ,Àô¤åµð,¨ª¼L,¤òµð,µð,,,,,,,,,,,,,,,,,
®ü¥Ê¤l,²L¸Ä,®ü¥Ê¤l,,,,,,,,,,,,,,,,,,,,,,,
¤E¤Õ,ºñ²Hµæ,ºñ¶M¨©,¤Õ³¶¨©,¤Õ³¶µð,²Hµæ,,,,,,,,,,,,,,,,,,,,
¦ËòÞ,¦ËòÞ,,,,,,,,,,,,,,,,,,,,,,,,
¦è¬I¦Þ,¦è¬I¦Þ,,,,,,,,,,,,,,,,,,,,,,,,
Äªµ«¨©,Äªµ«¨©,®üÄªµ«,,,,,,,,,,,,,,,,,,,,,,,
Äõªá°F,Äõªá°F,,,,,,,,,,,,,,,,,,,,,,,,
¥_·¥¨©,¥_·¥¨©,,,,,,,,,,,,,,,,,,,,,,,,
¶H©Þ°F,¤Ó¥­¬v¼çªdµð,¶H©Þ°F,,,,,,,,,,,,,,,,,,,,,,,
Àj³½,Àj³½,¶ÂÀj,¤E¤ÕÁ³,»OÆWÀj,¥xÆW¬Ã¯]Àj³½,Âø¦âÀj,,,,,,,,,,,,,,,,,,,
®°¨©,®°¨©,®ü®°,¦|¥ß¨©,,,,,,,,,,,,,,,,,,,,,,
¤z¨©,¤z¨©,±a¤l,¥É±a,º½¬W,¨©¬W,,,,,,,,,,,,,,,,,,,,
¸Ã,¸Ã,¸Ã¥J,,,,,,,,,,,,,,,,,,,,,,,
¨dÄ÷,ªø¨dÄ÷,ªø¨dÄ÷,¨dÄ÷,¥Í³H,³H¥J,¥ÍÄ®,,,,,,,,,,,,,,,,,,,
Á³,³·Á³,ôÆÁ³,¥ÐÁ³,¯]Á³,»ñÁ³,ªáÁ³,¶H¤ú»ñÁ³,­»Á³,¦×Á³,Á³,,,,,,,,,,,,,,,
½¼,½¼,¯ó½¼,¥Õ½¼,ÂA½¼,©ú½¼,®õ°ê½¼,,,,,,,,,,,,,,,,,,,
½¼¤¯,½¼¤¯,,,,,,,,,,,,,,,,,,,,,,,,
½¼ªd,½¼ªd,,,,,,,,,,,,,,,,,,,,,,,,
Äåªá½¼,Äåªá½¼,,,,,,,,,,,,,,,,,,,,,,,,
·Ë½¼,·Ë½¼,,,,,,,,,,,,,,,,,,,,,,,,
½¼³G,½¼³G,¼»§¿½¼,,,,,,,,,,,,,,,,,,,,,,,
¿ÀÃÉ,¿ÀÃÉ,«CÃÉ,ªáÃÉ,,,,,,,,,,,,,,,,,,,,,,
ÃÉ¦×,ÃÉ¦×,¿ÀÃÉ¦×,ÃÉ¦×´Î,,,,,,,,,,,,,,,,,,,,,,
ÃÉ¶À,ÃÉ¶À,,,,,,,,,,,,,,,,,,,,,,,,
ÃÉ¸},ÃÉ¸},ÃÉ¸}¦×,,,,,,,,,,,,,,,,,,,,,,,
¤j¹hÃÉ,¤j¹hÃÉ,,,,,,,,,,,,,,,,,,,,,,,,
«Ò¤ýÃÉ,«Ò¤ýÃÉ,,,,,,,,,,,,,,,,,,,,,,,,
÷«³õÃÉ,÷«³õÃÉ,,,,,,,,,,,,,,,,,,,,,,,,
Às½¼,Às½¼,,,,,,,,,,,,,,,,,,,,,,,,
ðÃ,ðÃ,¬õðÃ,«CðÃ,µæðÃ,,,,,,,,,,,,,,,,,,,,,
®üµæ,®üµæ,µµµæ,®ü­a,Às¤öµæ,¤ô¥Õµæ,®üªáµæ,¤ô«Cµæ,¤ô¸±­U,®ü­X¤l,¼ê´ò®üµæ,,,,,,,,,,,,,,,
¯»¬õ²¢¤ßÛ£,¯»¬õ²¢¤ßÛ£,ª´ºÀÛ£,,,,,,,,,,,,,,,,,,,,,,,
¶Àª÷Û£,¶Àª÷Û£,,,,,,,,,,,,,,,,,,,,,,,,
¬Ã¯]Û£,¬Ã¯]Û£,¦p·N¬Ã¯]Û£,¤p¥­Û£,®VÛ£,,,,,,,,,,,,,,,,,,,,,
¶Àª÷Û£,¶Àª÷Û£,,,,,,,,,,,,,,,,,,,,,,,,
Àj³½Û£,Àj³½Û£,¥xÆW¥­Û£,,,,,,,,,,,,,,,,,,,,,,,
¤ì¦Õ,¤ì¦Õ,,,,,,,,,,,,,,,,,,,,,,,,
µUÀYÛ£,µUÀYÛ£,¨ëç³µß,·à¤l¯ñ,¥Õ¾vÛ£,,,,,,,,,,,,,,,,,,,,,
­»Û£,­»Û£,´Õ¯ñ,¥_Û£,­»¿¸,ªáÛ£,¥VÛ£,,,,,,,,,,,,,,,,,,,
ª÷°wÛ£,ª÷°wÛ£,­áµß,¦µÛ£,¤ò¬`ª÷¿úµß,­áµß,,,,,,,,,,,,,,,,,,,,
»È¦Õ,»È¦Õ,,,,,,,,,,,,,,,,,,,,,,,,
¬vÛ£,¬vÛ£,Ä¨Û£,,,,,,,,,,,,,,,,,,,,,,,
§öÀjÛ£,§öÀjÛ£,¨ëªàÛ£,,,,,,,,,,,,,,,,,,,,,,,
ÂûÛ£,ÂûÛ£,,,,,,,,,,,,,,,,,,,,,,,,
¥ÕÆFÛ£,¥ÕÆFÛ£,,,,,,,,,,,,,,,,,,,,,,,,
ªQÅS,ªQÅS,,,,,,,,,,,,,,,,,,,,,,,,
¤û¨xµß,¤û¨xµß,,,,,,,,,,,,,,,,,,,,,,,,
¬À·äÛ£,¬À·äÛ£,,,,,,,,,,,,,,,,,,,,,,,,
¨q¬ÃÛ£,¨q¬ÃÛ£,»ñ§ÀÛ£,,,,,,,,,,,,,,,,,,,,,,,
¶Â¤ì¦Õ,¶Â¤ì¦Õ,¤ìµß,¾ðÂû,¤ì¸¿,¤ì¼×,¤ìïß,,,,,,,,,,,,,,,,,,,
Àj³½Û£,¦ÇÀj³½Û£,¥­Û£,Ä®Û£,²Ê¥Ö°¼¦Õ,¶Â¨d¤¦Û£,¯»¬õÀj³½Û£,Àj³½Û£,,,,,,,,,,,,,,,,,,
ÂE³ßÛ£,ÂE³ßÛ£,¯u®VÁ·Â÷³Ê,,,,,,,,,,,,,,,,,,,,,,,
®ß¤lÛ£,®ß¤lÛ£,,,,,,,,,,,,,,,,,,,,,,,,
¬hªQÛ£,¬hªQÛ£,¬Wª¬¥ÐÀYÛ£,¯ù¾ðÛ£,·¨¾ðÛ£,,,,,,,,,,,,,,,,,,,,,
¯óÛ£,¯óÛ£,,,,,,,,,,,,,,,,,,,,,,,,
¯À¦Ï¦×,¯À¦Ï¦×,­»Û£ÀY,,,,,,,,,,,,,,,,,,,,,,,
¦Ì,¦Ì,°ªÅÖ¦Ì,¶V¥ú¦Ì,ºë¦Ì,ªÄ¦Ì,¥Õ¦Ì,­»¦Ì,,,,,,,,,,,,,,,,,,
¤p¦Ì,µ¯,¤p¦Ì,,,,,,,,,,,,,,,,,,,,,,,
ÁW¦Ì,ÁW¦Ì,¥È¦Ì,ÁWªÄ¦Ì,ÁW¸e¦Ì,,,,,,,,,,,,,,,,,,,,,
­FªÞ¦Ì,­FªÞ¦Ì,,,,,,,,,,,,,,,,,,,,,,,,
ÁW¦Ì¾¢,ÁW¦Ì¾¢,,,,,,,,,,,,,,,,,,,,,,,,
Äz¦Ì,¶ÂªÄÄz¦Ì,¦³¾÷¬õÄz¦Ì,Äz¦Ì,¥ÕªÄÄz¦Ì, ,,,,,,,,,,,,,,,,,,,,
¬õÄz¦Ì,¬õÄz¦Ì,¬õ®ß¦Ì,¬õ¦Ì,,,,,,,,,,,,,,,,,,,,,,
¹Ø¥q¦Ì,¹Ø¥q¦Ì,,,,,,,,,,,,,,,,,,,,,,,,
¦Ì¼ß¯»,¦Ì¼ß¯»,,,,,,,,,,,,,,,,,,,,,,,,
µoªÞ¦Ì,µoªÞ¦Ì,,,,,,,,,,,,,,,,,,,,,,,,
¤j¦Ì,¤j¦Ì,,,,,,,,,,,,,,,,,,,,,,,,
¤p¦Ì,¤p¦Ì,,,,,,,,,,,,,,,,,,,,,,,,
¶º,¶º,¥Õ¶º,,,,,,,,,,,,,,,,,,,,,,,
µ°,µ°,µ}¶º,ÂG,,,,,,,,,,,,,,,,,,,,,,
Áç¤Ú,Áç¤Ú,,,,,,,,,,,,,,,,,,,,,,,,
¹Ø¥q,¹Ø¥q,,,,,,,,,,,,,,,,,,,,,,,,
ºê,ºê,ºê¤l,,,,,,,,,,,,,,,,,,,,,,,
²¢ºê,²¢ºê,ÆPºê,¸eºê,,,,,,,,,,,,,,,,,,,,,,
¦Ì¿|,¦Ì¿|,µ©¥J¦Ì¿|,,,,,,,,,,,,,,,,,,,,,,,
®H¨½¦Ì¯»,®H¨½¦Ì¯»,,,,,,,,,,,,,,,,,,,,,,,,
¦Ì¯»,¦Ì¯»,ÁW¦Ì¯»,¥ÕÄz¦Ì¯»,,,,,,,,,,,,,,,,,,,,,,
®H¨½¦Ì¯»,®H¨½¦Ì¯»,,,,,,,,,,,,,,,,,,,,,,,,
¦Ì½u,¦Ì½u,,,,,,,,,,,,,,,,,,,,,,,,
¦Ì¤z,¦Ì¤z,,,,,,,,,,,,,,,,,,,,,,,,
¦Ì­a¥Ø,¦Ì­a¥Ø,¦Ì¿z¥Ø,»È°w¯»,¦Ñ¹«ÓI,,,,,,,,,,,,,,,,,,,,,
ÓI±ø,ÓI±ø,ã_¥J±ø,¹L¤ôÓI,¸z¯»,ªe¯»,¨Fªe¯»,,,,,,,,,,,,,,,,,,,
ÅÚ½³¿|,µæÀYã_,ÅÚ½³¿|,,,,,,,,,,,,,,,,,,,,,,,
¦~¿|,¦~¿|,²¢ã_,ÄÐ²¢ã_,,,,,,,,,,,,,,,,,,,,,,
Áú°ê¦~¿|,Áú°ê¦~¿|,,,,,,,,,,,,,,,,,,,,,,,,
ªoã_,ªoã_,¤E¼hª¤,¤E¼hã_,,,,,,,,,,,,,,,,,,,,,,
ã_,ã_,,,,,,,,,,,,,,,,,,,,,,,,
¯ó¥Jã_,¯ó¥Jã_,¹«ÄTã_,¦ã¯óã_,¥Ð¦ãÓI,,,,,,,,,,,,,,,,,,,,,
µæÀYã_,µæÀYã_,,,,,,,,,,,,,,,,,,,,,,,,
¨¡ã_,¨¡ã_,¨¡ã_¥©,¨¡ÓI,,,,,,,,,,,,,,,,,,,,,,
´ö¶ê,´ö¶ê,¶ê¥J,,,,,,,,,,,,,,,,,,,,,,,
°sÆC,°sÆC,ñRÁV,¦¿¦Ì°s,²¢¥Õ°s,,,,,,,,,,,,,,,,,,,,,
³Âò­,³Âò­,¤jºÖ,,,,,,,,,,,,,,,,,,,,,,,
¬õÀtã_,¬õÀtã_,¬õÀt¿|,,,,,,,,,,,,,,,,,,,,,,,
ÄÑ½u,¹ØÄÑ,ÄÑ½u,,,,,,,,,,,,,,,,,,,,,,,
¶§¬KÄÑ,¶§¬KÄÑ,,,,,,,,,,,,,,,,,,,,,,,,
½­µæÄÑ,¬õÅÚ½³ÄÑ,µÔµæ±ø,µÔµæÄÑ,½­µæÄÑ,,,,,,,,,,,,,,,,,,,,,
ªoÄÑ,ªoÄÑ,,,,,,,,,,,,,,,,,,,,,,,,
·NÄÑ,·NÄÑ,,,,,,,,,,,,,,,,,,,,,,,,
Áç¿N·NÄÑ,Áç¿N·NÄÑ,,,,,,,,,,,,,,,,,,,,,,,,
Âû³JÄÑ,Âû³JÄÑ,,,,,,,,,,,,,,,,,,,,,,,,
ÄÑ¤ù,´ö»æ,´ª¤ù,,,,,,,,,,,,,,,,,,,,,,,
ÄÑª¸½D,ÄÑª¸½D,,,,,,,,,,,,,,,,,,,,,,,,
©ÔÄÑ,§èÄÑ,¥ÏÄÑ,Ì½ÄÑ,¤¤µØÄÑ,©ÔÄÑ,,,,,,,,,,,,,,,,,,,,
¯ÀÄÑ,¯ÀÄÑ,,,,,,,,,,,,,,,,,,,,,,,,
¯QÀsÄÑ,¯QÀsÄÑ,,,,,,,,,,,,,,,,,,,,,,,,
¤M«dÄÑ,¤M«dÄÑ,,,,,,,,,,,,,,,,,,,,,,,,
¸q¤j§QÄÑ,ªøÄÑ,¨©´ßÄÑ,Á³±ÛÄÑ,¦±ºÞÄÑ,¼eÄÑ,¤d¼hÄÑ,ÄÑ»å,³q¤ßÄÑ,¸q¤j§QÄÑ,,,,,,,,,,,,,,,,
»]µNÄÑ,»]µNÄÑ,,,,,,,,,,,,,,,,,,,,,,,,
¬ì¾ÇÄÑ,¬ì¾ÇÄÑ,,,,,,,,,,,,,,,,,,,,,,,,
ªwÄÑ,ªwÄÑ,,,,,,,,,,,,,,,,,,,,,,,,
ëL³Á,ëL³Á,¤T¨¤³Á,¯Q³Á,òÔ³Á¶º,,,,,,,,,,,,,,,,,,,,,
òÔ³Á,òÔ³Á,,,,,,,,,,,,,,,,,,,,,,,,
¤píõ¤¯,¤píõ¤¯,¤píõ¤¯¯»,,,,,,,,,,,,,,,,,,,,,,,
íõ¤¯,íõ¤¯,¤jíõ¤¯,íõ¤¯¯»,,,,,,,,,,,,,,,,,,,,,,
¤j³Á,¤j³Á,¤j³Á¤ù,,,,,,,,,,,,,,,,,,,,,,,
¤p³Á,¤p³Á,,,,,,,,,,,,,,,,,,,,,,,,
¤j³Á¤¯,¤j³Á¤¯,¬víõ¤¯,,,,,,,,,,,,,,,,,,,,,,,
¶Â³Á,¶Â³Á,¶Â³Á¤ù,¶Â³Á¥Ä,,,,,,,,,,,,,,,,,,,,,,
¬õíõ¤¯,¬õíõ¤¯,,,,,,,,,,,,,,,,,,,,,,,,
¿P³Á,¿P³Á,¿P³Á¤ù,,,,,,,,,,,,,,,,,,,,,,,
°ª±ç,°ª±ç,°ª±ç°s,,,,,,,,,,,,,,,,,,,,,,,
¥É¦Ì,¥É¦Ì,,,,,,,,,,,,,,,,,,,,,,,,
²¢¥É¦Ì,²¢¥É¦Ì,,,,,,,,,,,,,,,,,,,,,,,,
¥É¦Ì²É,¥É¦Ì²É,¥É¦Ì²ÉÅøÀY,,,,,,,,,,,,,,,,,,,,,,,
¥É¦ÌÂæ,¥É¦ÌÂæ,¥É¦ÌÂæÅøÀY,,,,,,,,,,,,,,,,,,,,,,,
¥É¦Ì¯»,¥É¦Ì¯»,,,,,,,,,,,,,,,,,,,,,,,,
Ãz¦Ìªá¥É¦Ì,Ãz¦Ìªá¥É¦Ì,,,,,,,,,,,,,,,,,,,,,,,,
¤p¶À¥Ê,«C¥Ê,¤p¶À¥Ê,,,,,,,,,,,,,,,,,,,,,,,
¶À¥Ê,¶À¥Ê,­J¥Ê,«C¥Ê,¨ë¥Ê,,,,,,,,,,,,,,,,,,,,,
µ·¥Ê,µ·¥Ê,µæ¥Ê,,,,,,,,,,,,,,,,,,,,,,,
¸W¨¤µ·¥Ê,¸W¨¤µ·¥Ê,¨¤¥Ê,¤KÙ±¥Ê,¤Q¨¤µ·¥Ê,¼sªFµ·¥Ê,¼ê´òµ·¥Ê,ª÷ªùµæ¥Ê,«B³Ê¥Ê,«B³Ê¥Ê,,,,,,,,,,,,,,,,
¥V¥Ê,¥V¥Ê,,,,,,,,,,,,,,,,,,,,,,,,
¤ò¥Ê,¤ò¥Ê,,,,,,,,,,,,,,,,,,,,,,,,
­W¥Ê,­W¥Ê,¥Õ­W¥Ê,¥Õ¥É­W¥Ê,¬Ã¯]­W¥Ê,«C¬Ã¯]­W¥Ê,¤s­W¥Ê,²D¥Ê,,,,,,,,,,,,,,,,,,
¦è¸¬Äª,¬ü°ê«n¥Ê,®L«n¥Ê,»A¥É¥Ê,,,,,,,,,,,,,,,,,,,,,,
¸¬Äª,¸¬Äª,,,,,,,,,,,,,,,,,,,,,,,,
²}¥Ê,²}¥J,,,,,,,,,,,,,,,,,,,,,,,,
¸`¥Ê,¤p¥V¥Ê,¤ò¥Ê,»L¥Ê,ªø¹Ø¥Ê,,,,,,,,,,,,,,,,,,,,,
¶V¥Ê,¶V¥Ê,µy¥Ê,¥Õ¥Ê,¥Í¥Ê,,,,,,,,,,,,,,,,,,,,,
µ«¥Ê,µ«¥Ê,,,,,,,,,,,,,,,,,,,,,,,,
¦ò¤â¥Ê,¦ò¤â¥Ê,ÔG¤H¥Ê,,,,,,,,,,,,,,,,,,,,,,,
¹T±ù,¹T±ù,¤ûªoªG,Æs±ù,ªo±ù,¼Ì±ù,,,,,,,,,,,,,,,,,,,,
³D¥Ê,³D¥Ê,,,,,,,,,,,,,,,,,,,,,,,,
«C¤ì¥Ê,«C¤ì¥Ê,,,,,,,,,,,,,,,,,,,,,,,,
«n¥Ê,«n¥Ê,ª÷¥Ê,,,,,,,,,,,,,,,,,,,,,,,
¬ü°ê«n¥Ê,¬ü°ê«n¥Ê,,,,,,,,,,,,,,,,,,,,,,,,
¤é¥»«n¥Ê,¤é¥»«n¥Ê,,,,,,,,,,,,,,,,,,,,,,,,
µâªá«n¥Ê,µâªá«n¥Ê,,,,,,,,,,,,,,,,,,,,,,,,
µf­X,µf­X,¤jµf­X,¤ûµf­X,ºñµf­X,©yÄõµf­X,®ç¤Ó­¦µf­X,,,,,,,,,,,,,,,,,,,
¬î¸ª,¬î¸ª,¶À¬î¸ª,©@°Ø¶À¸ª,¦Ï¨¤¨§,¼ë­X,,,,,,,,,,,,,,,,,,,,
­X¤l,¸¨Ä¬,,,,,,,,,,,,,,,,,,,,,,,,
¤H°ÑªG,¤H°ÑªG,¤¯¤ßªG,¨ªÅKªG,¤û¤ß±ù,§d»ñ¬U,¤H¤ßªG,­»¥Ê­X,·¨±ö,­»¥Ê±ù,,,,,,,,,,,,,,,,
»¶´Ô,»¶´Ô,¬õ»¶´Ô,¥Í»¶´Ô,,,,,,,,,,,,,,,,,,,,,,
«CÀs»¶´Ô,«CÀs»¶´Ô,¤p²¢´Ô,µf´Ô,¤p«C´Ô,,,,,,,,,,,,,,,,,,,,,
«C´Ô ,«C´Ô,,,,,,,,,,,,,,,,,,,,,,,,
²¢´Ô,²¢´Ô,µæ´Ô,¿OÅ¢´Ô,¬U¤l´Ô,,,,,,,,,,,,,,,,,,,,,
´Â¤Ñ´Ô,´Â¤Ñ´Ô,,,,,,,,,,,,,,,,,,,,,,,,
Â_»î´Ô,Â_»î´Ô,¦L«×°­´Ô,,,,,,,,,,,,,,,,,,,,,,,
¨¤´Ô,¨¤´Ô,,,,,,,,,,,,,,,,,,,,,,,,
¨~ªG,¨~ªG,¤g¨~ªG,¥É¤å¨~ªG,­»¤ô¨~ªG,½¬ªá¨~ªG,¶Â­»¨~ªG,®ü¹y¨~ªG,·R¤å¨~ªG,ªÖ¯S¨~ªG,³Í¯S¨~ªG,¸t¤ß¨~ªG,ª÷·×¨~ªG,ª÷»e¨~ªG,,,,,,,,,,,,
¨~ªG°®,¨~ªG°®,,,,,,,,,,,,,,,,,,,,,,,,
ªÝ¼Ö,ªÝ¼Ö,¤gªÝ¼Ö,¬Ã¯]ªÝ¼Ö,®õ°êªÝ¼Ö,¤û¨ÅªÝ¼Ö,¥@¬öªÝ¼Ö,µL¤lªÝ¼Ö,,,,,,,,,,,,,,,,,,
±ù¤l,±ù¤l,¤j³·±ù,Â×¤ô±ù,©¯¤ô±ù,°ª±µ±ù,¾î¤s±ù,¦è¬v±ù,·s¿³±ù,±N­x»e±ù,·s¥@¬ö±ù,,,,,,,,,,,,,,,
¬U¤l,¬U¤l,²¢¬U,´I¦³²¢¬U,µ§¬U,¤û¤ß¬U,¥|©P¬U,,,,,,,,,,,,,,,,,,,
¬c¤l,¬c¤l,¤å¥¹,¥Õ¬c,¦è¬I»e¬c,,,,,,,,,,,,,,,,,,,,,
¸²µå,¸²µå,´£¤l,,,,,,,,,,,,,,,,,,,,,,,
µL¤l¸²µå,µL¤l¸²µå,µL¤l¬õ¸²µå,µL¤lºñ¸²µå,µL¤l¶Â¸²µå,,,,,,,,,,,,,,,,,,,,,
¸²µå°®,¸²µå°®,,,,,,,,,,,,,,,,,,,,,,,,
¸²µå¬c,¸²µå¬c,«C¥Ö¸²µå¬c,¬õÄ_¥Û¸²µå¬c,,,,,,,,,,,,,,,,,,,,,,
­»¿¼,­»¿¼,¥Ì¿¼,Ë|¿¼,ªÞ¿¼,ªÝ¿¼,¥_¿¼,¬õ¥Ö¿¼,§õªL¿¼,,,,,,,,,,,,,,,,,
¦è¥Ê,ª÷Äõ¦è¥Ê,¬Ó®c¦è¥Ê,¤p¥É¦è¥Ê,¬õ¹a¦è¥Ê,µL¤l¦è¥Ê,¶Â¬ü¤H¦è¥Ê,µØÄ_¤j¦è¥Ê,,,,,,,,,,,,,,,,,,
¤ì¥Ê,¤ì¥Ê,¥Û¥Ê,¤ì¥V¥Ê,½´¥ÍªG,,,,,,,,,,,,,,,,,,,,,
­»¥Ê,­»¥Ê,¶À­»¥Ê,ª¬¤¸¥Ê,¬ü¿@¥Ê,¹Å¥É²¢¥Ê,,,,,,,,,,,,,,,,,,,,
¬v­»¥Ê,¬v­»¥Ê,¤Ñ­»¬v­»¥Ê,¤Ó¶§¬v­»¥Ê,¬î­»¬v­»¥Ê,ÂÅÄ_¥Û¬v­»¥Ê,»e¥@¬É¬v­»¥Ê,«¢±K¥Ê,³·¥Ê,°^¥Ê,,,,,,,,,,,,,,,,
®ç¤l,®ç¤l,ÂÏ®ç,ªo®ç,¥Õªo®ç,¤ô»e®ç,¤[«O®ç,Åa­ô®ç,ª´ºÀ®ç,ºÖ¹Ø®ç,,,,,,,,,,,,,,,,
§õ¤l,§õ¤l,Ä«ªG¥J,®ç±µ§õ,­»¤ô§õ,¶À¦×§õ,¬õ¦×§õ,»B»A§õ,,,,,,,,,,,,,,,,,,
¥[¦{§õ,¥[¦{§õ,¥[¦{«C§õ,¥[¦{¬õ§õ,¥[¦{¶Â§õ,¥[¦{»e§õ,,,,,,,,,,,,,,,,,,,,
¤pµf­X,¤pµf­X,¬õµf­X,¸t¤k¤pµf­X,Äå®ç¤pµf­X,¶Àµf­X,¶Àª÷¸t¤k¤pµf­X,ª÷¤k¤pµf­X,,,,,,,,,,,,,,,,,,
Ä«ªG,Ä«ªG,«CÀsÄ«ªG,¬z¸g»eÄ«ªG,¬î­»Ä«ªG,»A¥É«CÄ«ªG,¥[©ÔÄ«ªG,ª÷«aÄ«ªG,´I¤hÄ«ªG,¬ü°ê¤­¤öÄ«ªG,,,,,,,,,,,,,,,,
½¬Ãú,½¬Ãú,¤ô»c,¤Ñ®ç,¶Âª÷­è½¬Ãú,¶Â¬Ã¯]½¬Ãú,,,,,,,,,,,,,,,,,,,,
²¢¾í,²¢¾í,¬h¤B,¬h¾í,­»¦N¤h,¿D¬w²¢¾í,,,,,,,,,,,,,,,,,,,,
¾ï¤l,¾ï¤l,±í¬a,Ù®¬a,¬õ¬a,ª÷¬a,­Z¨¦¬a,ÂfÂc¬a,®ü±ù±í¬a,ªøªGª÷¬a,¶êªGª÷¬a,°ªÀð±í¬a,,,,,,,,,,,,,,
»ñ±ù,»ñ±ù,µÔÅÚ,¤ý±ù,¥Ì½©»ñ±ù,ª÷Æp»ñ±ù,¤û¥¤»ñ±ù,²¢»e»e»ñ±ù,¬ð¥Ø1¸¹»ñ±ù,,,,,,,,,,,,,,,,,
ÄÀ­{,ÄÀ­{,ÄÀ­{ªG,¦òÀYªG,µf¯ïªK,»ñ±ùÄÀ­{,,,,,,,,,,,,,,,,,,,,
¯ïªK,¯ïªK,Â÷ªK?,¤¦¯ï,¶Â¸­¥J¯ïªK,¥É²ü­c¯ïªK,,,,,,,,,,,,,,,,,,,,
Às²´,®Û¶ê,¯ïªK¥£,¨È¯ïªK,¿P§Z,,,,,,,,,,,,,,,,,,,,,
´Ç¤l,´Ç¤l,»e´Ç,¶Â´Ç,¬õ´Ç,¦L«×´Ç,¥xÆW¤g´Ç,¬Ã¯]»e´Ç,,,,,,,,,,,,,,,,,,
¯ó²ù,¯ó²ù,¤h¦h°à±ù,,,,,,,,,,,,,,,,,,,,,,,
ÂÅ²ù,ÂÅ²ù,,,,,,,,,,,,,,,,,,,,,,,,
Äå®ç,·¤¯ð®ç,¯ð®ç,±V»e,Åa®ç,§t®ç,Äå¯],¦¶Äå,µµÄå,ÄúÄå,±ö®ç,¼Ö®ç,ªí®ç,,,,,,,,,,,,,
·¨®ç,·¨®ç,¬v®ç,¤­ÀÄ¤l,,,,,,,,,,,,,,,,,,,,,,
¤s¦Ë,¤s¦Ë,¤sªÇ,¤s¦Ë¤l,­Ë±É¤l,»ñªG,²õ¦N¬U,,,,,,,,,,,,,,,,,,,
ÂfÂc,ÂfÂc,,,,,,,,,,,,,,,,,,,,,,,,
µÜ©i,µÜ©i,,,,,,,,,,,,,,,,,,,,,,,,
¥Ì½©,¥Ì½©,¬õ¥Ì½©,,,,,,,,,,,,,,,,,,,,,,,
ªJªI,ªJªI,Äª¾ï,ª÷¤Y,ÄªªK,µ\µ]ªG,,,,,,,,,,,,,,,,,,,,
·¦¤l,·¦¤l,,,,,,,,,,,,,,,,,,,,,,,,
ºhåÑ,ºhåÑ,Åe­»¿ßªG,,,,,,,,,,,,,,,,,,,,,,,
³J¶ÀªG,³J¶ÀªG,¥P®ç,,,,,,,,,,,,,,,,,,,,,,,
µf¥Ûºh,µf¥Ûºh,¦w¥Ûºh,,,,,,,,,,,,,,,,,,,,,,,
¬õ¤ò¤¦,¬õ¤ò¤¦,,,,,,,,,,,,,,,,,,,,,,,,
¹ÅÄ_¥Ê,¹ÅÄ_¥Ê,¹ÅÄ_§L¥Ê,,,,,,,,,,,,,,,,,,,,,,,
¦Ê­»ªG,¦Ê­»ªG,,,,,,,,,,,,,,,,,,,,,,,,
©_²§ªG,©_²§ªG,ônµU®ç,¤¤°ê¾Lµ¯,,,,,,,,,,,,,,,,,,,,,,
¬õÀsªG(¥Õ¦×),¬õÀsªG(¥Õ¦×),¤õÀsªG(¥Õ¦×),Às¯]ªG(¥Õ¦×),,,,,,,,,,,,,,,,,,,,,,
¬õÀsªG(¬õ¦×),¬õÀsªG(¬õ¦×),¤õÀsªG(¬õ¦×),Às¯]ªG(¬õ¦×),,,,,,,,,,,,,,,,,,,,,,
±ö¤l,±ö¤l,«C±ö,,,,,,,,,,,,,,,,,,,,,,,
ªá·¦µæ,ªá·¦µæ,«Cªáµæ,¥Õªá·¦µæ,ºñªá·¦µæ,¦èÄõªá,¬ü°êªáµæ,µæªá,,,,,,,,,,,,,,,,,,
µµ¦âªá·¦µæ,µµ¦âªá·¦µæ,,,,,,,,,,,,,,,,,,,,,,,,
¬¥¯«ªá,¬¥¯«ªá,,,,,,,,,,,,,,,,,,,,,,,,
µâªá,µâªá,,,,,,,,,,,,,,,,,,,,,,,,
ºñª÷°w,ºñª÷°w,«Cª÷°w,«Cª÷°wªá,,,,,,,,,,,,,,,,,,,,,,
ª÷°wªá,ª÷°wªá,°®ª÷°w,°®ª÷°wªá,,,,,,,,,,,,,,,,,,,,,,
ªoµæªá,ªoµæªá,,,,,,,,,,,,,,,,,,,,,,,,
¥Û½¬ªá,¥Û½¬ªá,,,,,,,,,,,,,,,,,,,,,,,,
Âb·}ªá,Âb·}ªá,,,,,,,,,,,,,,,,,,,,,,,,
­´µæªá,­´µæªá,,,,,,,,,,,,,,,,,,,,,,,,
ªãÄõªá,ªãÄõªá,,,,,,,,,,,,,,,,,,,,,,,,
»[­a,»[­a,»[²@,,,,,,,,,,,,,,,,,,,,,,,
¤E¼h¶ð,¤E¼h¶ð,Ã¹°Ç,¤d¼h¶ð,,,,,,,,,,,,,,,,,,,,,,
¤dÄ_µæ,¤dÄ_µæ,,,,,,,,,,,,,,,,,,,,,,,,
«C¦¿µæ,«C¦¿µæ,«C±ð¥Õµæ,´ö°Íµæ,«C¦¿¥Õµæ,,,,,,,,,,,,,,,,,,,,,
¤û¥¤¥Õµæ   ,¶Â¸­¥Õµæ,¥Õ±ð¥Õµæ,,,,,,,,,,,,,,,,,,,,,,,
ªÅ¤ßµæ,ªÅ¤ßµæ,îRµæ,¾Ãµæ,Â|µæ,,,,,,,,,,,,,,,,,,,,,
¤j³°©f,¤j³°©f,¤j³°©f,ªo³Áµæ,,,,,,,,,,,,,,,,,,,,,,
­X­[µæ,­X­[µæ,­X­[µæ,¤û¥Öµæ,,,,,,,,,,,,,,,,,,,,,,
Aµæ,»OÆW¸±­U,»OÆW¸±µæ,¸­¸±­U,¤Â¸­¸±­U,¸±µæ,¸±¥Jµæ,Aµæ,¦y¸­¸±­U,ÃZ¥Jµæ,¶ê¸­¸±­U,´A¥Jµæ,©f¥Jµæ,ÃZ¥J¯ó,,,,,,,,,,,,
³À¨¤¸±­U,µõ¸±­U,,,,,,,,,,,,,,,,,,,,,,,,
ÅÚ½¯¸±­U,ÅÚ½¯¸±­U,,,,,,,,,,,,,,,,,,,,,,,,
¬õ¸­¸±­U,µµ­I¤Ñ¸ª,¬õ¸­,¬õ¨÷Å½¸±­U,½K¸­¸±­U,,,,,,,,,,,,,,,,,,,,,
¼sªF¸±­U,½K¸­¸±­U,ÁY¸­¸±­U,½K¸±¥Jµæ,½K©fµæ,,,,,,,,,,,,,,,,,,,,,
¥¤ªo¸±­U,¸q¤j§Q¥Íµæ,,,,,,,,,,,,,,,,,,,,,,,,
¬ü¥Íµæ,¤Ñ¬z¥Õµæ,¦è¥Íµæ,µ²²y¸±­U,¥]¤ß¸±­U,¬ü¥Íµæ,,,,,,,,,,,,,,,,,,,,
©Þ¸­¸±­U,¬õ©Þ¸­¸±­U,ºñ©Þ¸­¸±­U,,,,,,,,,,,,,,,,,,,,,,,
ªi¤h¹y¸±­U,ªi¤h¹y¥¤ªo¥Íµæ,¥¤ªo¥Íµæ,,,,,,,,,,,,,,,,,,,,,,,
ÅÚ½¯¸±­U,ªø¸­¸±­U,ÅÚ½¯,ÅÚ¬ü¥Íµæ,,,,,,,,,,,,,,,,,,,,,,
µæ¤ß,¹à²ô¸±­U,,,,,,,,,,,,,,,,,,,,,,,,
¤j¥Õµæ,¥]¤ß¥Õµæ,¨÷¤ß¥Õµæ,¤sªF¥Õµæ,¤j¥Õµæ,µ²²y¥Õµæ,¶ÀªÞ¥Õ,½¦µæ,²Ðµæ,·Ï¥x¥Õµæ,,,,,,,,,,,,,,,,
¤p¥Õµæ,¤p¥Õµæ,¥Õµæ,«Cµæ,¤£µ²²y¥Õµæ,,,,,,,,,,,,,,,,,,,,,
¥ÕµæªÞ,,,,,,,,,,,,,,,,,,,,,,,,,
ªãÂÅµæ,®æÂÅµæ,ºñ¸­¥ÌÂÅ,ªãÂÅ,,,,,,,,,,,,,,,,,,,,,,
°ªÄRµæ,¥ÌÂÅ,¥]¤ßµæ,¥ÌÂÅ°®,§N­á¥ÌÂÅ,±²¤ßµæ,±ù¤s¥ÌÂÅ,,,,,,,,,,,,,,,,,,,
¥ÌÂÅªÞ,²yªÞ¥ÌÂÅ,ÌU¤l¥ÌÂÅ,¤ñ§Q®É¥ÌÂÅ,,,,,,,,,,,,,,,,,,,,,,
µµ°ªÄRµæ,µµ¥ÌÂÅ,µµ¶ê¥Õµæ,µµ¬v¥Õµæ,¬õ¥ÌÂÅ,µµ·¦µæ,¨ª²y¥ÌÂÅ,,,,,,,,,,,,,,,,,,,
¥]¤ßªãµæ,¥]¤ß¤Âµæ,±²¤ßªãµæ,¤jªãµæ,¤ôÄÐµæ,,,,,,,,,,,,,,,,,,,,,
¤jÀYµæ,µ²ÀYµæ,µæ¥n,²ôÂÅ,ªãÀYµæ,¿¾µ×êü­a,²y²ô¥ÌÂÅ,,,,,,,,,,,,,,,,,,,
µµ¦â¥ÌÂÅ,¥]¤ß¸±­U,²y¸±­U,,,,,,,,,,,,,,,,,,,,,,,
¤sªàµæ,¤sªà,,,,,,,,,,,,,,,,,,,,,,,,
ªàµæ,§òªà,,,,,,,,,,,,,,,,,,,,,,,,
¦è¬vªàµæ,¬ü°êªàµæ,,,,,,,,,,,,,,,,,,,,,,,,
¤gªàµæ,ªàµæºÞ,,,,,,,,,,,,,,,,,,,,,,,,
¤sÄ¬µæ,¤sÄ¬,¸ô©h,,,,,,,,,,,,,,,,,,,,,,,
¤ôµæ,¤ôµæ,,,,,,,,,,,,,,,,,,,,,,,,
¥ÌÃÅ¸­,µfÃÅ¸­,¦a¥Ê¸­,,,,,,,,,,,,,,,,,,,,,,,
¹L·¾µæ,¤s»ñ§À,­¹¥ÎÂùÅn¿¹,¹L¿ß,¹L°I¿ß,¿¹¿ß,¿¹¤s¿ß,¤s¿ß,¿¹Ûm,,,,,,,,,,,,,,,,,
³Aµæ,¥Õ³Aµæ,¬õ³Aµæ,§öµæ,Ó®µæ,×cµæ,¶­¨Ó¬õ,¤T¦â³A,,,,,,,,,,,,,,,,,,
¥Õ»ñµæ,¥Õ¬õµæ,¥Õ¼sµæ,»OÆW¤g¤T¤C,ªø¬`¾í¶Àµâ,¥Õ¾á·í,,,,,,,,,,,,,,,,,,,,
³·¸Ì¬õ,³·¸Ìíû,³·µæ,¬K¤£¦Ñ,½K¸­ªãµæ,,,,,,,,,,,,,,,,,,,,,
µµ¬v½µ,µµ½µÀY,µµ¶ê½µ,µµ­J½µ,µµ¥É½µ,,,,,,,,,,,,,,,,,,,,,
¤õ¬´¥À¯ó,¤õ¬´¥À¯ó,,,,,,,,,,,,,,,,,,,,,,,,
ºñ¨§ªÞ,¨§ªÞµæ,¥©ªÞ,¨§ªÞµæ,¦p·Nµæ,Õtµæ,»ÈªÞ,»È°w,»È­],ªÞ¤ß,ºñ¨§ªÞ,,,,,,,,,,,,,,,
½Ü¨§ªÞ,½Ü¨§À¦,²üÄõ¨§ªÞ,½Ü¨§­],ÀsÅ½µæ,ÀsÅ½¨§­],½¹½ºµæ,´H¨§­],¨§­],½Ü¨§ªÞ,,,,,,,,,,,,,,,,
¶À¨§ªÞ,¤j¨§ªÞ,¶À¨§ªÞ,,,,,,,,,,,,,,,,,,,,,,,
¨¡²ô,¨¡±ð,¨¡¾î,,,,,,,,,,,,,,,,,,,,,,,
¨§Ã¤µæ,¨§Ã¤µæ,¤ôçUµæ,¤ôªã,¤ô¥Ðªã,,,,,,,,,,,,,,,,,,,,,
?¤T¬P½µ,¥|©u½µ,¤E±ø½µ,©yÄõ¯»½µ,,,,,,,,,,,,,,,,,,,,,,
ªoµæ,ªo³Âµæ¬ó,ªåÂÊ,ªå­a,­Jµæ,´Hµæ,ªoµæ¤ß,,,,,,,,,,,,,,,,,,,
,,,,,,,,,,,,,,,,,,,,,,,,,
ªãµæ,»\µæ,¤Âµæ,¤jµæ,¤jªã,ªã¤l,,,,,,,,,,,,,,,,,,,,
¤jªãµæ,ªãµæ,¤j¤ßªãµæ,¤j¸­ªãµæ,ªø¦~µæ,»¶ªoµæ,,,,,,,,,,,,,,,,,,,,
¤j¤ßªãµæ,¤j¤ßµæ,µæ¤ß,,,,,,,,,,,,,,,,,,,,,,,
«½«½µæ,»A¥É¥Õµæ,©ê¤lªãµæ,,,,,,,,,,,,,,,,,,,,,,,
ªãÂÅªÞ,µæÀ¦,®æÂÅµæÀ¦,,,,,,,,,,,,,,,,,,,,,,,
¥É¦Ìµ«,µf³Áµ«,,,,,,,,,,,,,,,,,,,,,,,,
«Cß¹,³¥Âû«aªá,Âû«aªá,³¥Âû«a,Âû«a³A,³¥ÂûÀY,¤gÂû«a,¯ó¨M©ú,µÖ»U,±X±[¯ó,ª¯§À³A,ª¯§À¯ó,,,,,,,,,,,,,,
«C»[,»[­],»[²@,,,,,,,,,,,,,,,,,,,,,,,
«C?,¤j½µ,¸­½µ,­J½µ,½µ¥J,µæ§B,¤ô½µ,¨Æ¯ó,,,,,,,,,,,,,,,,,,
¬L©M¯ó,¯«¥Pµæ,¤sÓ¦»U,³¥Ó¦»U,°§¯î¯ó,±Ï¯î¯ó,­¸¾÷¯ó,º¡¤Ñ­¸,­²©Rµæ,³¥¤ì¦Õµæ,°²Ó¦»U,¯«¥P¯ù,¥V­·µæ,,,,,,,,,,,,,
¸¨¸ª,¬Ó®cµæ,ðÃµæ,ðÃ¤½µæ,ðÃºÞµæ,ðÃµæ,ç³µæ,³nµ¬µæ,³n«¸¥J,ÃÃµæ,ÃÃ¸ª,«D¬wµÔµæ,µµ¨¤¸­,¯Ú¯×µæ,¯Ú¯×¨§,Åúµæ,¤ì¦Õµæ,¤Ñ¸ª,­Jô´¯×,¤û¥Ö­á,ÁcÅS,Às®cµæ,¼ëµæ,,,
¬õ±ð¬Ã¯]µæ,,,,,,,,,,,,,,,,,,,,,,,,,
¬õ»ñµæ,¬õµæ,¸É¦åµæ,,,,,,,,,,,,,,,,,,,,,,,
¬ü°êªÅ¤ßµæ,,,,,,,,,,,,,,,,,,,,,,,,,
­¹¯üµã,¬õ¨ë?,¬õ¨ë½µ,¤j¸­¨ë½µ,¤¯¨ë½µ,¨ë¦¿¬Y,¶V´Ô,¤ò¶V´Ô,³¾¤£½ñ,ÝÏ¸­ªá´Ô,,,,,,,,,,,,,,,,
­»¼Î,­»ÝÏ,­»ÝÏªÞ,­»¼ÎÀY,¤j¬õÝÏ¾ð,,,,,,,,,,,,,,,,,,,,,
²¢µæ®Ú,²¢µæ®Ú,®ÚÛ°µæ®Ú,²¢µæ,Û°µæ,¬õµæÀY,,,,,,,,,,,,,,,,,,,,
®Û¦Ëµ«,®Û¦Ëµ«¤ù,,,,,,,,,,,,,,,,,,,,,,,,
½b¦Ëµ«,½bµ«,©t¦Ë¥Jµ«,¥Éµ«,¶³µ«,,,,,,,,,,,,,,,,,,,,,
ºñ¦Ëµ«,ºñ¦Ëµ«,¥|©uµ«,²¢¦Ë,ºñ¥Jµ«,,,,,,,,,,,,,,,,,,,,,
¯Q´ßºñ¦Ëµ«,¯Q´ßºñ¦Ëµ«,¯Q¸}ºñ¦Ëµ«,,,,,,,,,,,,,,,,,,,,,,,
¨F©Ôµ«¶ô,,,,,,,,,,,,,,,,,,,,,,,,,
³Â¦Ëµ«,³Â¦Ëµ«¤z,¤jºñ¦Ë,¥¨³Â¦Ë,¥¨¦Ë,²¢¦Ë,¥ËËô¦Ë,¦Qµ·³Â,¥¿Ëô¦Ë,,,,,,,,,,,,,,,,,
©s©v¦Ëµ«,¤ò¦Ë,¦¿«n¦Ë,¿ßÀY¦Ë,»ª¨à¦Ë,»ªÀY¦Ë,­T¯ø¦Ë,,,,,,,,,,,,,,,,,,,
,,,,,,,,,,,,,,,,,,,,,,,,,
¯ó¥ÛÅú,¥ÌÅS¤l,¥ÌÅS¨à,¦aÅú,¦a¬º¤û,§òÁ³ëk,Ã¹º~µæ,¯q¥À»I,¦Ì²Ö²Ö,¦a¥À,¦a¿¶,¦aÅú,Ä_¶ðµæ,Á³ëkµæ,¥ÌÅS¤l,¦aÅS,¤g¸º,¦aÂÎ¯ó,ÂÎ¯ó,¥VÂÎ¯ó,¤g¥VÂÎ¯ó,¥Õ¥VÂÎ¯ó,ªÍÀ÷¯ó,¤g¤H°Ñ,¦a¶s,Ã¹º~µæ
¥VÂÎ®L¯ó,¤¤µØÂÎ¯ó,,,,,,,,,,,,,,,,,,,,,,,,
°¨¾¦³A,°¨¾¦µæ,¤­¦æ¯ó,»Ä³A,½Þ¥Àµæ,½Þ¥À¨Å,¦a°¨µæ,°¨³D¤lµæ,ªø¹Øµæ,¦Ñ¹«¦Õ,Ä_³©µæ,¿Â³Kµæ,,,,,,,,,,,,,,
ÔG¤H¥Ê­],¦ò¤â¥Ê­],­»òX¥Ê­],±ù¥Ê­],ÔG¤H¥ÊÅ½,,,,,,,,,,,,,,,,,,,,,
°²¤Hçx,¤g¤Hçx,¤ô¤H°Ñ,¤g°ªÄR°Ñ,¤g°ªÄR,¤g°Ñ,¤g¬õ°Ñ,¤g¬v°Ñ,µµ¤H°Ñ,ºÖ°Ñ,¥xÆW°Ñ,ªF¬v°Ñ,°Ñ¯ó,°Ñ¥J¸­,°Ñ¥J¯ó,ªi¥@Äõ,ªi¤hÄõ,ôVÄõ,,,,,,,,
±öµæ,±ö°®µæ,¾`°®µæ,ÆQµæ,,,,,,,,,,,,,,,,,,,,,,
ÓÞ¨§,ªøÓÞ¨§,¨¤¨§,µæ¨§¡]»O¡^,,,,,,,,,,,,,,,,,,,,,,
µæ¨§,¥|©u¨§,±Ó¨§¡]»O),Áà¨§,¯»¨§,,,,,,,,,,,,,,,,,,,,,
ÄN¨§,¦×¨§,®o¬Ü¨§,«ó¨§,,,,,,,,,,,,,,,,,,,,,,
ªá¨§,¬õªá¨§,¬õªáµæ¨§,,,,,,,,,,,,,,,,,,,,,,,
µÜ¨§,¬Ó«Ò¨§,¥Õ«ó¨§,,,,,,,,,,,,,,,,,,,,,,,
¤ò¨§,¤j¨§,,,,,,,,,,,,,,,,,,,,,,,,
²¢½Ü¨§,²¢¯Ü½Ü¨§,²¢²üÄõ¨§,,,,,,,,,,,,,,,,,,,,,,,
½Ü¨§¤¯,²üÄõ¨§¤¯,,,,,,,,,,,,,,,,,,,,,,,,
²üÄõ¨§,²ó½Ü¨§,,,,,,,,,,,,,,,,,,,,,,,,
µÔµæ,µÔµÙµæ,¨ª®Úµæ,µÔµÙ,ÆxÄMµæ,¬õ®Úµæ,­¸Àsµæ,,,,,,,,,,,,,,,,,,,
¶Â¸­¥¤¥Õµæ,¸ª®°¥Õµæ,,,,,,,,,,,,,,,,,,,,,,,,
µµÄ¬,µµÄ¬,,,,,,,,,,,,,,,,,,,,,,,,
ºÖµæ,ÂÐµæ,«È®aÂÐµæ,,,,,,,,,,,,,,,,,,,,,,,
Äªµ«,¥Û¤N¬f,ÀsÅ½µæ,¤p¦Ê³¡,ªù¥VÁ¦,¯ÁÃ¹Ã¹,µ«¯ó,ÅSµ«,¤å¤s¦Ë,²Ó¸­¦Ê³¡,³¥¤Ñªù¥V,ªQ¸­¤g·íÂk,,,,,,,,,,,,,,
Às°©Ã¤×cµæ,»È½¬ªá,±²Ã¤×cµæ,¨ëºØ×cµæ,¤ô¥Ö½¬,¤ô½¬µæ,³¥½¬¥J,¥xÆWÃè»\,,,,,,,,,,,,,,,,,,
Às¸ª,¯Q¬óµæ,¤Ñ­X¤l,¤û»Ä¼ß,¯Q²¢µæ,,,,,,,,,,,,,,,,,,,,,
¤j½µ,½µ,«C½µ,¸­½µ,½µªá,½µ¬q,,,,,,,,,,,,,,,,,,,,
¤j»[,«C»[,»[¥J,,,,,,,,,,,,,,,,,,,,,,,
?µæ,­´µæ,?,,,,,,,,,,,,,,,,,,,,,,,
íü,?ÀY,îF?,îKÀY,¤p»[,íü¥ÕÀY,³¥»[,³¥­´,¤õ½µ,,,,,,,,,,,,,,,,,
ªÛ³Âµæ,ªÛ³Âµæ,,,,,,,,,,,,,,,,,,,,,,,,
îDµæ,³½¸{¯ó,îD,ª¯¶K¦Õ,°¼¦Õ®Ú,¯ä¶Ø¯ó,¯äíë¯ó,,,,,,,,,,,,,,,,,,,
Âb·}¹à²ô,Âb·}¹à²ô,,,,,,,,,,,,,,,,,,,,,,,,
ÃÃ¤T¤C,ÃÃ¤T¤C,,,,,,,,,,,,,,,,,,,,,,,,
ÄªîP,ÄªîP,,,,,,,,,,,,,,,,,,,,,,,,
ÅÚ¬ü¸±­U,ÅÚ¬ü¸±­U,,,,,,,,,,,,,,,,,,,,,,,,
ÅÚ½³¸­,ÅÚ½³¸­,,,,,,,,,,,,,,,,,,,,,,,,
¬î¸ª,¬î¸ª,,,,,,,,,,,,,,,,,,,,,,,,
?µæªá,?µæªá,,,,,,,,,,,,,,,,,,,,,,,,
?µæ¶À,?¶À,¶À?µæ,,,,,,,,,,,,,,,,,,,,,,,
ÚÞ¥Õµ«,Ót¥Õµ«,¸}¥Õµ«,¥[¥Õµ«,¥æ¥Õµ«,¥[¿Aµ«,¸´¥Õµ«,µÝ,µÝ½±,µÝ½±¯ó,¬ü¤H»L,µÝµæ,µÝµ«,Ótµ«,ÓtÓJ,Ót¥Ê,°ªµ«,Ót­º,Ót¯ó,Ót¦Õµæ,Ót¨àµæ,¬Kµâ,,,,
°g­¡­»,°g­¡­»,,,,,,,,,,,,,,,,,,,,,,,,
¶ø°Ç©£,¶ø°Ç©£,,,,,,,,,,,,,,,,,,,,,,,,
¤K¨¤,¤K¨¤,,,,,,,,,,,,,,,,,,,,,,,,
Á¡²ü,Á¡²ü,,,,,,,,,,,,,,,,,,,,,,,,
¯õ­»,¯õ­»¯»,,,,,,,,,,,,,,,,,,,,,,,,
­»¯ó,´¶Ã¹©ô´µ­·¨ý°®Àê­»¯ó,,,,,,,,,,,,,,,,,,,,,,,,
­»µæ,Í´×h,­J×h,º¡¤Ñ¬P,ÆQ¶·,,,,,,,,,,,,,,,,,,,,,
­»ªà,¤Ú¦è§Q,¤Ú¦è¨½,¬v­»µæ,¼Úªà,¬vÍ´×h,µfÍ´×h,²üÄõªà,,,,,,,,,,,,,,,,,,
µfÁ¦,µfÁ¦,¬õÁ¦,¦a¥Ê,¥ÌÁ¦,ª÷Á¦,²¢Á¦,¦¶Á¦,¿»Á¦,,,,,,,,,,,,,,,,,
°¨¹aÁ¦,°¨¹aÁ¦,¤g¨§,,,,,,,,,,,,,,,,,,,,,,,
¨¡ÀY,¨¡ÀY,¨¡,¤s¨¡,,,,,,,,,,,,,,,,,,,,,,
¤sÃÄ,¤sÃÄ,,,,,,,,,,,,,,,,,,,,,,,,
¨§Á¦,¨§Á¦,¨§¥JÁ¦,²DÁ¦,,,,,,,,,,,,,,,,,,,,,,
­JÅÚ½³,­JÅÚ½³,¬õÅÚ½³,¶ÀÅÚ½³,µfÅÚ½³,,,,,,,,,,,,,,,,,,,,,
¥ÕÅÚ½³,¥ÕÅÚ½³,µæÀY,,,,,,,,,,,,,,,,,,,,,,,
²¢µæ,²¢µæ,®Ú²¢µæ,®ÚÛ°µæ,¬õµæÀY,Û°µæ,²¢µæ®Ú,,,,,,,,,,,,,,,,,,,
¤ûã®,¤ûã®,ªF¬v°Ñ,,,,,,,,,,,,,,,,,,,,,,,
¬v½µ,¬v½µ,¥É½µ,²y½µ,,,,,,,,,,,,,,,,,,,,,,
½¬ÃÂ,½¬ÃÂ,½¬®Ú,,,,,,,,,,,,,,,,,,,,,,,
«n¥Ê,«n¥Ê,ª÷¥Ê,µf¥Ê,­Ø¥Ê,,,,,,,,,,,,,,,,,,,,,
¥V¥Ê,¥V¥Ê,¥Õ¥Ê,,,,,,,,,,,,,,,,,,,,,,,
µÙ¨¤,µÙ¨¤,,,,,,,,,,,,,,,,,,,,,,,,
µ«,µ«,¦Ëµ«,¥Vµ«,,,,,,,,,,,,,,,,,,,,,,
Äªµ«,Äªµ«,,,,,,,,,,,,,,,,,,,,,,,,
ÚÞ¥Õµ«,ÚÞ¥Õµ«,,,,,,,,,,,,,,,,,,,,,,,,
ªà,ªà,®Úªàµæ,­»®Úªà,ªàµæ,,,,,,,,,,,,,,,,,,,,,
ªà,¦è¬vªà,,,,,,,,,,,,,,,,,,,,,,,,
¾ðÁ¦,¾ðÁ¦,,,,,,,,,,,,,,,,,,,,,,,,
¼Ú¨¾­·,¼Ú¨¾­·,¼Ú¬w¨¾­·,ªàµæÅÚ½³,¼Ú¬wÅÚ½³,,,,,,,,,,,,,,,,,,,,,
²òÂÉ,²òÂÉ,,,,,,,,,,,,,,,,,,,,,,,,
¤s¸ª,¤s¸ª,,,,,,,,,,,,,,,,,,,,,,,,
»¶®Ú,»¶®Ú,,,,,,,,,,,,,,,,,,,,,,,,
»[,»[,¤j»[,,,,,,,,,,,,,,,,,,,,,,,
Á¤,Á¤,,,,,,,,,,,,,,,,,,,,,,,,
¨§¤z,¨§¤z,¨§°®,,,,,,,,,,,,,,,,,,,,,,,
¨§¥],¨§¥],,,,,,,,,,,,,,,,,,,,,,,,
¨§¼ß,¨§¼ß,,,,,,,,,,,,,,,,,,,,,,,,
»G¥Ö,»G¥Ö,¨§»G¥Ö,»G¦Ë,¨§¥Ö,¨§¦ç,»G¦ç,,,,,,,,,,,,,,,,,,,
¯Ç¨§,¯Ç¨§,,,,,,,,,,,,,,,,,,,,,,,,
¯ä¨§»G,¯ä¨§»G,,,,,,,,,,,,,,,,,,,,,,,,
¨§»G,¨§»G,¸h¨§»G,¹à¨§»G,³n¨§»G,«n¨§»G,,,,,,,,,,,,,,,,,,,,
¨§»G¨Å,¨§»G¨Å,¨Å»G,«n¨Å,¾`¨§»G,Âæ¨§»G,ÁV¨§»G,¿ß¨Å,¨§¨Å,,,,,,,,,,,,,,,,,
¨§³a,¨§³a,¤j­W,½®³a,«Õµà,¶Ý,,,,,,,,,,,,,,,,,,,,
¨ýäø,¨ý?,ÄÑ³a,,,,,,,,,,,,,,,,,,,,,,,
¨§Ã¤Âæ,¨§Ã¤Âæ,,,,,,,,,,,,,,,,,,,,,,,,
ªO¨§»G,ªO¨§»G,µw¨§»G,¤ì´Ö¨§»G,¶Ç²Î¨§»G,¦Ñ¨§»G,,,,,,,,,,,,,,,,,,,,
³J¨§»G,³J¨§»G,Âû³J¨§»G,,,,,,,,,,,,,,,,,,,,,,,
¦Ê­¶¨§»G,¦Ê­¶¨§»G,,,,,,,,,,,,,,,,,,,,,,,,
ªo¨§»G,ªo¨§»G,¨§ªw,ªoªw,¨§»G¤R,,,,,,,,,,,,,,,,,,,,,
¤d±i,¤d±i,¦Ê¸­,,,,,,,,,,,,,,,,,,,,,,,
¯ÀÂû,¯ÀÂû,,,,,,,,,,,,,,,,,,,,,,,,
¨§ÅÒ,¨§ÅÒ,,,,,,,,,,,,,,,,,,,,,,,,
­á¨§»G,¦B¨§»G,,,,,,,,,,,,,,,,,,,,,,,,
ªÛ³Â¨§»G,ªÛ³Â¨§»G,,,,,,,,,,,,,,,,,,,,,,,,
³J,³J,§Z,,,,,,,,,,,,,,,,,,,,,,,
Âû³J,Âû³J,Âû§Z,¤gÂû³J,¦³¾÷Âû³J,,,,,,,,,,,,,,,,,,,,,
Àn³J,Àn³J,,,,,,,,,,,,,,,,,,,,,,,,
ÄOÄL³J,ÄOÄL³J,³¾³J,,,,,,,,,,,,,,,,,,,,,,,
ÃZ³J,ÃZ³J,,,,,,,,,,,,,,,,,,,,,,,,
¥Ö³J,¥Ö³J,ªQªá³J,ÅÜ³J,¦Ç¥]³J,,,,,,,,,,,,,,,,,,,,,
ÄÐÀn³J,ÄÐÀn³J,ÄÐ³J,ÄÐÌÔ,,,,,,,,,,,,,,,,,,,,,,
¤s¯»¶ê,¤s¯»¶ê,,,,,,,,,,,,,,,,,,,,,,,,
ªá¥Í,ªá¥Í¤¯,ªá¥Í,§t½¤ªá¥Í¤¯,,,,,,,,,,,,,,,,,,,,,,
ªá¥Í¯»,ªá¥Í¯»,,,,,,,,,,,,,,,,,,,,,,,,
¨M©ú¤l,¨M©ú¤l,¯ó¨M©ú,°¨¿á¨M©ú,°²ºñ¨§,,,,,,,,,,,,,,,,,,,,,
®Ö®ç,®Ö®ç,­J®ç,,,,,,,,,,,,,,,,,,,,,,,
®ß¤l,®ß¤l,¿}ª£®ß¤l,,,,,,,,,,,,,,,,,,,,,,,
¸yªG,¸yªG,¾ðªá¥Í,ìø¦p¾ð,Âû¸yªG,¤¶¹ØªG,,,,,,,,,,,,,,,,,,,,
½¬¤l,½¬¤l,,,,,,,,,,,,,,,,,,,,,,,,
§ö¤¯,§ö¤¯,§ö¤¯¤ù,§ö¤¯¯»,§ö¤¯ªG,,,,,,,,,,,,,,,,,,,,,
ªQ¤l¤¯,ªQ¤l¤¯,ªQ¤l,®üªQ¤l,,,,,,,,,,,,,,,,,,,,,,
ÍÀ¹ê,ÍÀ¹ê,ÂûÀY½¬,,,,,,,,,,,,,,,,,,,,,,,
®L«Â¦i¨§,®L«Â¦i¨§,®L«Â¦iªG,®L«Â¦i¤¯,¿D¬w°íªG,,,,,,,,,,,,,,,,,,,,,
«n¥Ê¤l,«n¥Ê¤l,¥Õ¥Ê¤l,,,,,,,,,,,,,,,,,,,,,,,
µLªáªG,µLªáªG,,,,,,,,,,,,,,,,,,,,,,,,
¶}¤ßªG,¶}¤ßªG,,,,,,,,,,,,,,,,,,,,,,,,
¶ÂªÛ³Â,¶ÂªÛ³Â,¶ÂªÛ³Â¯»,ªÛ³Â½k,ªÛ³ÂÂæ,,,,,,,,,,,,,,,,,,,,,
¥ÕªÛ³Â,¥ÕªÛ³Â,¥ÕªÛ³Â²É,,,,,,,,,,,,,,,,,,,,,,,
·R¥É¤l,·R¥É¤l,·R¥É­á,,,,,,,,,,,,,,,,,,,,,,,
¦è¨¦¦Ì,¦è¨¦¦Ì,,,,,,,,,,,,,,,,,,,,,,,,
¸ª¥Ê¤l,¸ª¥Ê¤l,¸ªªá¤l,¥Ì¯ó¸ª¥Ê¤l,,,,,,,,,,,,,,,,,,,,,,
¦è¥Ê¤l,¦è¥Ê¤l,Âæªo¦è¥Ê¤l,¥É®Û¦è¥Ê¤l,,,,,,,,,,,,,,,,,,,,,,
ÆN¼L¨§,ÆN¼L¨§,³·½¬¤l,¾¤¨§,¤T¨¤¨§,Âû¨§,ÆN¼L¨§Âæ,Âû¨§ÅøÀY,,,,,,,,,,,,,,,,,,
¶Â¨§,¶Â¨§,¯Q¨§,¶Â¤j¨§,,,,,,,,,,,,,,,,,,,,,,
¶À¨§,¶À¨§,¤j¨§,¶À¤j¨§,,,,,,,,,,,,,,,,,,,,,,
¬õ¨§,¬õ¨§,¨ª¨§,¨ª¤p¨§,¤p¬õ¨§,,,,,,,,,,,,,,,,,,,,,
ºñ¨§,ºñ¨§,«C¨§¤l,«C¤p¨§,,,,,,,,,,,,,,,,,,,,,,
ªá¨§,ªá¨§,ªá¥J¨§,ªá¬h¨§,¬õªá¨§,¬õªáµæ¨§,¨ªªáµæ¨§,,,,,,,,,,,,,,,,,,,
¦Ì¨§,¦Ì¨§,¶Â²´¨§,,,,,,,,,,,,,,,,,,,,,,,
¨È³Â¤l,¨È³Â¤l,­J³Â¤l,¨È³Â¤¯,¤j­J³Â,­J³Â¤¯,,,,,,,,,,,,,,,,,,,,
¬õ«ó¨§,¬õ«ó¨§,¦×¨§,¬õ¦×¨§,¤õÅI«ó¨§,®o¬Ü¨§,«ó¨§¤l,µµªáÄN¨§,¯ù¨§,,,,,,,,,,,,,,,,,
